{
  "sections": {
    "featured_collection_giYLMG": {
      "type": "featured-collection",
      "blocks": {
        "collection_qMtqyG": {
          "type": "collection",
          "settings": {
            "collection": "shop-men",
            "tag": "",
            "price_new": "",
            "price_old": "",
            "button_text": "See Details"
          }
        },
        "collection_NqnL63": {
          "type": "collection",
          "settings": {
            "collection": "shop-women",
            "tag": "",
            "price_new": "",
            "price_old": "",
            "button_text": "See Details"
          }
        },
        "collection_AUMFmD": {
          "type": "collection",
          "settings": {
            "collection": "shop-kid",
            "tag": "",
            "price_new": "",
            "price_old": "",
            "button_text": "See Details"
          }
        }
      },
      "block_order": [
        "collection_qMtqyG",
        "collection_NqnL63",
        "collection_AUMFmD"
      ],
      "settings": {
        "width": "full",
        "layout": "layout4",
        "slides_per_view_mobile": 1,
        "slides_per_view_tablet": 2,
        "slides_per_view": 3,
        "slides_per_group_mobile": 1,
        "slides_per_group_tablet": 2,
        "slides_per_group_desktop": 3,
        "space_between_mobile": 12,
        "space_between_desktop": 24,
        "speed": 800,
        "enable_navigation": false,
        "show_pagination": true,
        "enable_autoplay": false,
        "autoplay_speed": 5000,
        "pause_on_hover": true,
        "enable_observer": true
      }
    },
    "top_picks_xrdEcy": {
      "type": "top-picks",
      "settings": {
        "layout": "home-fashion-02",
        "subtitle": "Discover our top picks",
        "title": "Top Picks You'll Love",
        "description": "Explore our most popular pieces that customers can't get enough of",
        "product_source": "product_list",
        "collection": "",
        "product_list": [
          "turtleneck-t-shirt",
          "loose-fit-tee",
          "crop-t-shirt",
          "short-sleeve-sweat",
          "polo-neck-t-shirt"
        ],
        "spacing": "flat-spacing-8",
        "background_color": "bg-surface",
        "show_view_all": true,
        "view_all_link": "",
        "view_all_text": "View all",
        "slides_per_view_mobile": 1,
        "slides_per_view_tablet": 2,
        "slides_per_view_desktop": 4,
        "space_between_mobile": 10,
        "space_between_desktop": 20,
        "slides_per_group_mobile": 1,
        "slides_per_group_tablet": 2,
        "slides_per_group_desktop": 3,
        "transition_speed": 300,
        "show_navigation": true,
        "show_pagination": true,
        "enable_autoplay": false,
        "autoplay_speed": 3000,
        "pause_on_hover": true,
        "enable_observer": true
      }
    },
    "banner_text_CUWcmi": {
      "type": "banner-text",
      "settings": {
        "layout": "home-fashion-02",
        "width": "boxed",
        "banner_product": "",
        "banner_link": "",
        "title": "Sustainable Fashion",
        "description": "Look good, feel good with eco-friendly and stylish designs.",
        "button_text": "Shop Now",
        "button_link": "shopify:\/\/collections\/accessories",
        "image_1": "shopify:\/\/shop_images\/fashion02_2.webp",
        "image_2": "shopify:\/\/shop_images\/fashion02_1.webp"
      }
    },
    "limited_deals_CJ6p8a": {
      "type": "limited-deals",
      "settings": {
        "width": "boxed",
        "title": "Limited Time Deals",
        "description": "Explore our most popular pieces that customers can't get enough of",
        "countdown_timer": "1007500",
        "product_source": "product_list",
        "collection": "",
        "product_list": [
          "turtleneck-t-shirt",
          "loose-fit-tee",
          "crop-t-shirt",
          "graphic-printed-pure",
          "typography-printed-round-neck"
        ],
        "slides_per_view": 4,
        "slides_per_view_tablet": 3,
        "slides_per_view_mobile": 2,
        "slides_per_group_desktop": 4,
        "slides_per_group_tablet": 3,
        "slides_per_group_mobile": 2,
        "space_between": 24,
        "space_between_mobile": 12,
        "transition_speed": 800,
        "show_navigation": true,
        "show_pagination": true,
        "enable_autoplay": false,
        "autoplay_speed": 3000,
        "pause_on_hover": true,
        "enable_observer": true
      }
    },
    "banner_collection_4L9fkp": {
      "type": "banner-collection",
      "settings": {
        "width": "boxed",
        "layout": "fashion-02",
        "video": "",
        "image": "shopify:\/\/shop_images\/fashion02_3.webp",
        "title": "Effortless Chic",
        "subtitle": "Archive effortless style with pieces made for every day wear",
        "button_text": "Explore Now",
        "button_link": "shopify:\/\/collections\/women",
        "padding_top": 36
      }
    },
    "brands_k6zaA8": {
      "type": "brands",
      "blocks": {
        "brand_wB6Jqy": {
          "type": "brand",
          "settings": {
            "brand_image": "shopify:\/\/shop_images\/zara_232eddf9-8ce4-4911-a177-8efe9c47dd47.png",
            "brand_link": ""
          }
        },
        "brand_PaU7Vy": {
          "type": "brand",
          "settings": {
            "brand_image": "shopify:\/\/shop_images\/bear_fde932fe-e47e-434f-89b6-662f0ca27862.png",
            "brand_link": ""
          }
        },
        "brand_PMGdXj": {
          "type": "brand",
          "settings": {
            "brand_image": "shopify:\/\/shop_images\/logo04.png",
            "brand_link": ""
          }
        },
        "brand_8yCGAb": {
          "type": "brand",
          "settings": {
            "brand_image": "shopify:\/\/shop_images\/logo03.png",
            "brand_link": ""
          }
        },
        "brand_fgEXP4": {
          "type": "brand",
          "settings": {
            "brand_image": "shopify:\/\/shop_images\/logo05.png",
            "brand_link": ""
          }
        },
        "brand_gBpEhK": {
          "type": "brand",
          "settings": {
            "brand_image": "shopify:\/\/shop_images\/logo06.png",
            "brand_link": ""
          }
        }
      },
      "block_order": [
        "brand_wB6Jqy",
        "brand_PaU7Vy",
        "brand_PMGdXj",
        "brand_8yCGAb",
        "brand_fgEXP4",
        "brand_gBpEhK"
      ],
      "settings": {
        "padding_top": 0,
        "padding_bottom": 0,
        "width": "boxed",
        "layout": "layout2",
        "speed": 80,
        "style": "left",
        "clone": 2
      }
    },
    "testimonials_B3Gj8P": {
      "type": "testimonials",
      "blocks": {
        "testimonial_9mp8a3": {
          "type": "testimonial",
          "settings": {
            "name": "Emily T.",
            "image": "shopify:\/\/shop_images\/Turtleneck-T-shirt_1.webp",
            "testimonial_image": "shopify:\/\/shop_images\/Turtleneck-T-shirt_1.webp",
            "product": "Turtleneck T-shirt",
            "product_url": "shopify:\/\/products\/turtleneck-t-shirt",
            "price": "$80.00",
            "review": "The quality of the clothes exceeded my expectations. Every piece feels premium, and the designs are so trendy.",
            "title": "Elegance and Comfort Combined"
          }
        },
        "testimonial_jBmbHB": {
          "type": "testimonial",
          "settings": {
            "name": "Jessica M.",
            "image": "shopify:\/\/shop_images\/Loose-Fit-Tee_1.webp",
            "testimonial_image": "shopify:\/\/shop_images\/Loose-Fit-Tee_1.webp",
            "product": "Loose Fit Tee",
            "product_url": "shopify:\/\/products\/loose-fit-tee",
            "price": "$150.00",
            "review": "I love the dress I purchased! The fabric is so soft, and the fit is perfect. I've gotten so many compliments on it.",
            "title": "Elegance and Comfort Combined"
          }
        },
        "testimonial_MUCjAq": {
          "type": "testimonial",
          "settings": {
            "name": "Lisa P.",
            "image": "shopify:\/\/shop_images\/Crop-T-shirt_1.webp",
            "testimonial_image": "shopify:\/\/shop_images\/Crop-T-shirt_1.webp",
            "product": "Crop T-shirt",
            "product_url": "shopify:\/\/products\/crop-t-shirt",
            "price": "$150.00",
            "review": "I was pleasantly surprised by how fast my order arrived. The customer service team was helpful and responsive.",
            "title": "Elegance and Comfort Combined"
          }
        },
        "testimonial_aAKifU": {
          "type": "testimonial",
          "settings": {
            "name": "Emily T.",
            "image": "shopify:\/\/shop_images\/author-fs3.jpg",
            "testimonial_image": "shopify:\/\/shop_images\/tes-fs4.jpg",
            "product": "Crop T-shirt",
            "product_url": "shopify:\/\/products\/crop-t-shirt",
            "price": "$90.00",
            "review": "The quality of the clothes exceeded my expectations. Every piece feels premium, and the designs are so trendy.",
            "title": "Elegance and Comfort Combined"
          }
        }
      },
      "block_order": [
        "testimonial_9mp8a3",
        "testimonial_jBmbHB",
        "testimonial_MUCjAq",
        "testimonial_aAKifU"
      ],
      "settings": {
        "layout": "home-fashion-02",
        "title": "Customer Reviews",
        "subtitle": "Experience with our products",
        "slides_per_view_mobile": 1,
        "slides_per_view_tablet": 2,
        "slides_per_view_desktop": 3,
        "space_between_mobile": 12,
        "space_between_desktop": 24,
        "transition_speed": 800,
        "show_navigation": true,
        "show_pagination": true,
        "enable_autoplay": false,
        "autoplay_speed": 3000,
        "pause_on_hover": true,
        "enable_observer": true
      }
    },
    "latest_tips_Bkh9wc": {
      "type": "blog-carousel",
      "blocks": {
        "article_QdYhrX": {
          "type": "article",
          "settings": {
            "article": "lifestyle\/5-style-staples-every-woman-needs"
          }
        },
        "article_4JXBGd": {
          "type": "article",
          "settings": {
            "article": "design\/chic-looks-with-one-timeless-color"
          }
        },
        "article_ViqmAd": {
          "type": "article",
          "settings": {
            "article": "design\/monochrome-style-made-easy"
          }
        },
        "article_bATcFe": {
          "type": "article",
          "settings": {
            "article": "lifestyle\/5-timeless-wardrobe-essentials-every-woman-should-own"
          }
        }
      },
      "block_order": [
        "article_QdYhrX",
        "article_4JXBGd",
        "article_ViqmAd",
        "article_bATcFe"
      ],
      "settings": {
        "width": "boxed",
        "layout": "layout3",
        "title": "Latest Tips & Trends",
        "description": "Discover expert advice, style inspiration, and product updates on our blog.",
        "blog_button_text": "OUR BLOG",
        "read_more_text": "Read more",
        "autoplay": true,
        "autoplay_speed": 5000,
        "slides_per_view_mobile": 1,
        "space_between_mobile": 12,
        "slides_per_view_tablet": 2,
        "space_between_tablet": 12,
        "slides_per_view_desktop": 3,
        "space_between_desktop": 24,
        "padding_top": 36,
        "padding_bottom": 94
      }
    },
    "icon_boxes_VDXPEx": {
      "type": "icon-boxes",
      "blocks": {
        "icon_box_GRzQ6G": {
          "type": "icon_box",
          "settings": {
            "icon": "icon-shipping",
            "title": "Free Shipping",
            "description": "Enjoy free shipping on all orders"
          }
        },
        "icon_box_KTWwQy": {
          "type": "icon_box",
          "settings": {
            "icon": "icon-gift",
            "title": "Gift Package",
            "description": "Perfectly packaged for gifting"
          }
        },
        "icon_box_Rz9awV": {
          "type": "icon_box",
          "settings": {
            "icon": "icon-return",
            "title": "Free Returns",
            "description": "Within 14 days for a return"
          }
        },
        "icon_box_kQLq9T": {
          "type": "icon_box",
          "settings": {
            "icon": "icon-support",
            "title": "ONE YEAR WARRANTY",
            "description": "We support customers 24\/7"
          }
        }
      },
      "block_order": [
        "icon_box_GRzQ6G",
        "icon_box_KTWwQy",
        "icon_box_Rz9awV",
        "icon_box_kQLq9T"
      ],
      "settings": {
        "layout": "home-fashion-02",
        "slides_per_view_mobile": 1,
        "slides_per_view_tablet": 2,
        "slides_per_view_desktop": 4,
        "space_between": 10,
        "show_pagination": true
      }
    }
  },
  "order": [
    "featured_collection_giYLMG",
    "top_picks_xrdEcy",
    "banner_text_CUWcmi",
    "limited_deals_CJ6p8a",
    "banner_collection_4L9fkp",
    "brands_k6zaA8",
    "testimonials_B3Gj8P",
    "latest_tips_Bkh9wc",
    "icon_boxes_VDXPEx"
  ]
}
