{
  "sections": {
    "main_slider_6k8JMr": {
      "type": "main-slider",
      "blocks": {
        "slide_ikJEDr": {
          "type": "slide",
          "settings": {
            "image": "shopify:\/\/shop_images\/bicycle_slide_01.webp",
            "content_alignment": "left",
            "subtitle": "SUMMER COLLECTION",
            "heading": "Ride into Adventure",
            "subheading": "Find your perfect bike today",
            "button_text": "Shop Collection",
            "button_link": "shopify:\/\/collections\/bike"
          }
        },
        "slide_6KCgL4": {
          "type": "slide",
          "settings": {
            "image": "shopify:\/\/shop_images\/bicycle_slide_02.webp",
            "content_alignment": "left",
            "subtitle": "SUMMER COLLECTION",
            "heading": "Adventure Awaits",
            "subheading": "Find the perfect bike for your outdoor journeys.",
            "button_text": "Shop Collection",
            "button_link": "shopify:\/\/collections\/e-bikes"
          }
        },
        "slide_3mFBNN": {
          "type": "slide",
          "settings": {
            "image": "shopify:\/\/shop_images\/bicycle_slide_03.webp",
            "content_alignment": "left",
            "subtitle": "SUMMER COLLECTION",
            "heading": "Ride the future",
            "subheading": "Explore the newest e-bikes designed for ultimate performance.",
            "button_text": "Shop Collection",
            "button_link": "shopify:\/\/collections\/bikes"
          }
        }
      },
      "block_order": [
        "slide_ikJEDr",
        "slide_6KCgL4",
        "slide_3mFBNN"
      ],
      "settings": {
        "layout": "layout3",
        "width": "full",
        "image_height_mode": "adapt",
        "fixed_height": 600,
        "mobile_image_height_mode": "fixed",
        "mobile_fixed_height": 400,
        "autoplay": true,
        "speed": 800,
        "show_navigation": false,
        "show_dots": true,
        "padding": 0,
        "pause_on_hover": true,
        "effect": "slide",
        "direction": "horizontal",
        "draggable": true
      }
    },
    "brands_y8bF68": {
      "type": "brands",
      "blocks": {
        "brand_LygHbf": {
          "type": "brand",
          "settings": {
            "brand_image": "shopify:\/\/shop_images\/zara_232eddf9-8ce4-4911-a177-8efe9c47dd47.png",
            "brand_link": ""
          }
        },
        "brand_QFh6RG": {
          "type": "brand",
          "settings": {
            "brand_image": "shopify:\/\/shop_images\/bear_fde932fe-e47e-434f-89b6-662f0ca27862.png",
            "brand_link": ""
          }
        },
        "brand_d3KfCd": {
          "type": "brand",
          "settings": {
            "brand_image": "shopify:\/\/shop_images\/logo04.png",
            "brand_link": ""
          }
        },
        "brand_wKEVGd": {
          "type": "brand",
          "settings": {
            "brand_image": "shopify:\/\/shop_images\/logo03.png",
            "brand_link": ""
          }
        },
        "brand_kkrDL4": {
          "type": "brand",
          "settings": {
            "brand_image": "shopify:\/\/shop_images\/logo05.png",
            "brand_link": ""
          }
        },
        "brand_MwGWcC": {
          "type": "brand",
          "settings": {
            "brand_image": "shopify:\/\/shop_images\/logo06.png",
            "brand_link": ""
          }
        }
      },
      "block_order": [
        "brand_LygHbf",
        "brand_QFh6RG",
        "brand_d3KfCd",
        "brand_wKEVGd",
        "brand_kkrDL4",
        "brand_MwGWcC"
      ],
      "settings": {
        "padding_top": 60,
        "padding_bottom": 60,
        "width": "boxed",
        "layout": "layout1",
        "speed": 80,
        "style": "left",
        "clone": 2
      }
    },
    "categories_dxHAFg": {
      "type": "categories",
      "blocks": {
        "category_77EqQN": {
          "type": "category",
          "settings": {
            "collection": "bikes"
          }
        },
        "category_pC9JtE": {
          "type": "category",
          "settings": {
            "collection": "e-bikes"
          }
        },
        "category_EnnmyB": {
          "type": "category",
          "settings": {
            "collection": "apparels"
          }
        },
        "category_kERbTP": {
          "type": "category",
          "settings": {
            "collection": "components"
          }
        },
        "category_YNyYtr": {
          "type": "category",
          "settings": {
            "collection": "batteries"
          }
        }
      },
      "block_order": [
        "category_77EqQN",
        "category_pC9JtE",
        "category_EnnmyB",
        "category_kERbTP",
        "category_YNyYtr"
      ],
      "settings": {
        "width": "boxed",
        "layout": "bicycle",
        "title": "Explore a variety of high-performance bikes, built for speed, durability, and adventure.",
        "button_text": "Categories",
        "slides_per_view_mobile": 2,
        "slides_per_view_tablet": 3,
        "slides_per_view_desktop": 6,
        "space_between_mobile": 12,
        "space_between_desktop": 24,
        "transition_speed": 800,
        "show_navigation": true,
        "show_pagination": true,
        "autoplay": false,
        "autoplay_speed": 3000,
        "products_per_collection": 6
      }
    },
    "feature_Lx6awP": {
      "type": "featured-products",
      "settings": {
        "width": "boxed",
        "layout": "feature",
        "title": "Featured Products",
        "button_text": "Featured Products",
        "button_url": "",
        "heading": "Discover our top picks for every ride",
        "remove_top_padding": false,
        "product_source": "product_list",
        "collection": "",
        "product_list": [
          "radexpand™-5-electric-bike",
          "radrunner™-plus",
          "radster™-road-electric-bike",
          "radster™-trail-electric-off-road-bike",
          "gents-cruiser",
          "deadwood",
          "cutthroat",
          "blackborow"
        ],
        "slides_per_view_mobile": 2,
        "slides_per_view_tablet": 3,
        "slides_per_view_desktop": 4,
        "slides_per_group_mobile": 2,
        "slides_per_group_tablet": 3,
        "slides_per_group_desktop": 4,
        "space_between_mobile": 12,
        "space_between_desktop": 24,
        "transition_speed": 800,
        "show_navigation": true,
        "show_pagination": true,
        "enable_autoplay": false,
        "autoplay_speed": 3000,
        "pause_on_hover": true,
        "enable_observer": true
      }
    },
    "banner_carousel_wRYeNx": {
      "type": "banner-carousel",
      "blocks": {
        "banner_egVzen": {
          "type": "banner",
          "settings": {
            "image": "shopify:\/\/shop_images\/bicycle_06.webp",
            "title": "Unveiling the latest gear",
            "subtitle": "Check out our newest arrivals",
            "button_text": "Buy Now",
            "button_link": "shopify:\/\/collections\/bikes"
          }
        },
        "banner_nPaLEr": {
          "type": "banner",
          "settings": {
            "image": "shopify:\/\/shop_images\/bicycle_07.webp",
            "title": "Deals you can't miss",
            "subtitle": "Save big on our best-selling bikes",
            "button_text": "Buy Now",
            "button_link": "shopify:\/\/collections\/bikes"
          }
        }
      },
      "block_order": [
        "banner_egVzen",
        "banner_nPaLEr"
      ],
      "settings": {
        "width": "boxed",
        "slides_per_view_mobile": 1,
        "slides_per_view_tablet": 2,
        "slides_per_view_desktop": 2,
        "space_between": 12,
        "transition_speed": 1000,
        "show_navigation": true,
        "show_pagination": true,
        "autoplay": false,
        "autoplay_speed": 3000
      }
    },
    "gear_up_MHV8ye": {
      "type": "gear-up",
      "settings": {
        "width": "boxed",
        "gear_up_text": "Gear Up",
        "gear_up_link": "",
        "heading": "Top-quality equipment for all your cycling needs",
        "product_source": "product_list",
        "collection": "",
        "product_list": [
          "radexpand™-5-electric-bike",
          "radrunner™-plus",
          "radster™-road-electric-bike",
          "radster™-trail-electric-off-road-bike",
          "mukluk-carbon",
          "marraskesh",
          "ladies-classic",
          "journeyman"
        ],
        "slides_per_view_mobile": 2,
        "slides_per_view_tablet": 3,
        "slides_per_view_desktop": 4,
        "slides_per_group_mobile": 2,
        "slides_per_group_tablet": 3,
        "slides_per_group_desktop": 4,
        "space_between_mobile": 12,
        "space_between_desktop": 24,
        "transition_speed": 1000,
        "show_navigation": true,
        "show_pagination": true,
        "enable_autoplay": false,
        "autoplay_speed": 3000,
        "pause_on_hover": true,
        "enable_observer": true
      }
    },
    "banner_collection_bU8kji": {
      "type": "banner-collection",
      "settings": {
        "width": "boxed",
        "layout": "bicycle",
        "video": "https:\/\/cdn.shopify.com\/videos\/c\/o\/v\/2d529c5e28844928a71f15172180d425.mp4",
        "title": "Unleash Your Ride",
        "subtitle": "Experience the thrill of top performance",
        "button_text": "Shop Now",
        "button_link": "shopify:\/\/collections\/bikes",
        "padding_top": 36
      }
    },
    "latest_tips_6hgy4m": {
      "type": "blog-carousel",
      "blocks": {
        "article_PB9PCy": {
          "type": "article",
          "settings": {
            "article": "lifestyle\/5-timeless-wardrobe-essentials-every-woman-should-own"
          }
        },
        "article_rHrhJ6": {
          "type": "article",
          "settings": {
            "article": "design\/monochrome-style-made-easy"
          }
        },
        "article_AQf6HM": {
          "type": "article",
          "settings": {
            "article": "design\/chic-looks-with-one-timeless-color"
          }
        },
        "article_iqtpRY": {
          "type": "article",
          "settings": {
            "article": "lifestyle\/5-style-staples-every-woman-needs"
          }
        }
      },
      "block_order": [
        "article_PB9PCy",
        "article_rHrhJ6",
        "article_AQf6HM",
        "article_iqtpRY"
      ],
      "settings": {
        "width": "boxed",
        "layout": "layout2",
        "title": "Ride the Future: E-Bike Insights & Trendseds",
        "description": "Discover expert advice, style inspiration, and product updates on our blog.",
        "blog_button_text": "OUR BLOG",
        "read_more_text": "Read more",
        "autoplay": true,
        "autoplay_speed": 5000,
        "slides_per_view_mobile": 1,
        "space_between_mobile": 12,
        "slides_per_view_tablet": 2,
        "space_between_tablet": 12,
        "slides_per_view_desktop": 3,
        "space_between_desktop": 24,
        "padding_top": 120,
        "padding_bottom": 0
      }
    },
    "icon_boxes_AYE6pV": {
      "type": "icon-boxes",
      "blocks": {
        "icon_box_n6axr7": {
          "type": "icon_box",
          "settings": {
            "icon": "icon-shipping",
            "title": "Free Shipping",
            "description": "Enjoy free shipping on all orders"
          }
        },
        "icon_box_JefxKn": {
          "type": "icon_box",
          "settings": {
            "icon": "icon-return",
            "title": "Free Returns",
            "description": "Within 14 days for a return"
          }
        },
        "icon_box_AUPLQB": {
          "type": "icon_box",
          "settings": {
            "icon": "icon-support",
            "title": "Support Online",
            "description": "We support customers 24\/7"
          }
        }
      },
      "block_order": [
        "icon_box_n6axr7",
        "icon_box_JefxKn",
        "icon_box_AUPLQB"
      ],
      "settings": {
        "layout": "bicycle",
        "slides_per_view_mobile": 2,
        "slides_per_view_tablet": 3,
        "slides_per_view_desktop": 4,
        "space_between": 10,
        "show_pagination": true
      }
    }
  },
  "order": [
    "main_slider_6k8JMr",
    "brands_y8bF68",
    "categories_dxHAFg",
    "feature_Lx6awP",
    "banner_carousel_wRYeNx",
    "gear_up_MHV8ye",
    "banner_collection_bU8kji",
    "latest_tips_6hgy4m",
    "icon_boxes_AYE6pV"
  ]
}
