{
  "current": {
    "free_shipping_threshold": 10000,
    "favicon": "shopify:\/\/shop_images\/favicon.png",
    "font_library": "google",
    "heading_font_family": "\"Poppins\", sans-serif",
    "body_font_family": "\"Poppins\", sans-serif",
    "card_product_style": "style-1",
    "social_facebook_link": "https:\/\/www.facebook.com\/",
    "social_twitter_link": "https:\/\/x.com\/",
    "social_instagram_link": "https:\/\/www.instagram.com\/",
    "social_linkedin_link": "https:\/\/www.linkedin.com\/",
    "color_schemes": {
      "scheme-1": {
        "settings": {
          "text": "#222222",
          "text2": "#686868",
          "background": "#ffffff",
          "background_gradient": "",
          "background2": "#f5f5f5",
          "button": "#876a49",
          "button_label": "#ffffff",
          "button_border": "#876a49",
          "secondary_button_label": "#876a49",
          "line_border": "#eeeeee",
          "overlay": "#000000",
          "pr_text": "#000000",
          "price": "#000000",
          "sale_price": "#db1215",
          "input_primary": "#ffffff",
          "input_secondary": "#686868"
        }
      },
      "scheme-2": {
        "settings": {
          "text": "#ffffff",
          "text2": "#cccccc",
          "background": "#333333",
          "background_gradient": "",
          "background2": "#444444",
          "button": "#876a49",
          "button_label": "#ffffff",
          "button_border": "#876a49",
          "secondary_button_label": "#ffffff",
          "line_border": "#555555",
          "overlay": "#000000",
          "pr_text": "#ffffff",
          "price": "#ffffff",
          "sale_price": "#ff6b6b",
          "input_primary": "#444444",
          "input_secondary": "#cccccc"
        }
      },
      "scheme-3": {
        "settings": {
          "text": "#2c3e50",
          "text2": "#7f8c8d",
          "background": "#ecf0f1",
          "background_gradient": "",
          "background2": "#ffffff",
          "button": "#3498db",
          "button_label": "#ffffff",
          "button_border": "#3498db",
          "secondary_button_label": "#3498db",
          "line_border": "#bdc3c7",
          "overlay": "#000000",
          "pr_text": "#2c3e50",
          "price": "#2c3e50",
          "sale_price": "#e74c3c",
          "input_primary": "#ffffff",
          "input_secondary": "#7f8c8d"
        }
      }
    },
    "sections": {
      "top-bar": {
        "type": "top-bar",
        "blocks": {
          "announcement_iztcwH": {
            "type": "announcement",
            "settings": {
              "announcements": "Return extended to 60 days, Life-time Guarantees, Limited-Time Offer"
            }
          }
        },
        "block_order": [
          "announcement_iztcwH"
        ],
        "settings": {
          "background_color": "#313030",
          "announcement_speed": "fast"
        }
      },
      "header": {
        "type": "header",
        "blocks": {
          "mega_menu_html_Cr3rLA": {
            "type": "mega_menu_html",
            "settings": {
              "title": "Home",
              "html_content": "",
              "content_page": "",
              "home_image_home-default": "shopify:\/\/shop_images\/fashion-1_1ce33a36-c0d0-4950-a268-fcf33c47079a.jpg",
              "home_image_home-electronic": "shopify:\/\/shop_images\/electronic.jpg",
              "home_image_home-fashion-women": "shopify:\/\/shop_images\/women-fashion.jpg",
              "home_image_home-fashion-02": "shopify:\/\/shop_images\/fashion-2_45939f6a-815e-4e36-b603-cdd3a3467df0.jpg",
              "home_image_home-bicycle": "shopify:\/\/shop_images\/bicycle.jpg",
              "home_image_home-phonecase": "shopify:\/\/shop_images\/phonecase_866317bc-c6ab-4af9-8f9a-5f470e12ea5a.jpg",
              "color_scheme": "scheme-1",
              "submenu_position": "center",
              "mega_menu_width": "fullwidth",
              "mega_menu_custom_width": 1200
            }
          },
          "mega_menu_shop_9xXyG7": {
            "type": "mega_menu_shop",
            "settings": {
              "title": "Shop",
              "collections": [
                "men",
                "women"
              ],
              "image_ratio": "asos",
              "full_image": false,
              "items_per_row": "default",
              "enable_carousel": false,
              "use_prev_next": false,
              "color_scheme": "scheme-1",
              "submenu_position": "default",
              "mega_menu_width": "fullwidth",
              "mega_menu_custom_width": 1200
            }
          },
          "mega_menu_product_NcRgpq": {
            "type": "mega_menu_product",
            "settings": {
              "title": "Products",
              "products_list_title": "BEST SELLER",
              "products": [
                "crop-t-shirt",
                "loose-fit-tee",
                "polo-neck-t-shirt"
              ],
              "text_alignment": "text-left",
              "image_ratio": "asos",
              "full_image": false,
              "use_prev_next": false,
              "color_scheme": "scheme-1",
              "submenu_position": "default",
              "mega_menu_width": "fullwidth",
              "mega_menu_custom_width": 1200
            }
          },
          "mega_menu_pages_GHHVpa": {
            "type": "mega_menu_pages",
            "settings": {
              "title": "Pages",
              "menu": "",
              "banner_image": "shopify:\/\/shop_images\/banner-header_1.jpg",
              "banner_link": "shopify:\/\/blogs\/design\/effortless-style-with-one-color",
              "banner_title": "Unveiling the latest gear",
              "color_scheme": "scheme-1",
              "submenu_position": "default",
              "mega_menu_width": "fullwidth",
              "mega_menu_custom_width": 1200
            }
          },
          "mega_menu_blog_cGEaBE": {
            "type": "mega_menu_blog",
            "settings": {
              "title": "Blog",
              "blog_categories": "",
              "recent_posts_title": "Recent Posts",
              "blog": "lifestyle",
              "posts_limit": 3,
              "image_ratio": "square",
              "color_scheme": "scheme-1",
              "submenu_position": "default",
              "mega_menu_width": "fullwidth",
              "mega_menu_custom_width": 1200
            }
          }
        },
        "block_order": [
          "mega_menu_html_Cr3rLA",
          "mega_menu_shop_9xXyG7",
          "mega_menu_product_NcRgpq",
          "mega_menu_pages_GHHVpa",
          "mega_menu_blog_cGEaBE"
        ],
        "settings": {
          "layout": "layout-2",
          "header_height": 153,
          "sticky_header_height": 153,
          "background_color": "#ffffff",
          "text_color": "#333333",
          "link_color": "#333333",
          "link_hover_color": "#666666",
          "icon_color": "#333333",
          "icon_hover_color": "#666666",
          "dropdown_background": "#ffffff",
          "dropdown_text_color": "#333333",
          "menu_item_spacing": 0,
          "dropdown_padding": 20,
          "logo": "shopify:\/\/shop_images\/logo.svg",
          "logo_width": 100,
          "menu": "main-menu",
          "show_search": true,
          "show_account": true,
          "show_wishlist": true,
          "show_cart": true,
          "mobile_menu_background": "#ffffff",
          "mobile_menu_text_color": "#333333",
          "dropdown_animation": "fade",
          "animation_duration": 200,
          "enable_transparent": false
        }
      },
      "breadcrumb": {
        "type": "breadcrumb",
        "settings": {
          "show_breadcrumb": true
        }
      },
      "product": {
        "type": "product",
        "blocks": {
          "sold_count_yQJxXg": {
            "type": "sold_count",
            "settings": {
              "in_stock_text": "In Stock",
              "out_of_stock_text": "Out of Stock",
              "sold_count_text": "{count} sold in last 24 hours",
              "min_sold_count": 20,
              "max_sold_count": 50
            }
          },
          "stock_count_zqgxhB": {
            "type": "stock_count",
            "settings": {
              "stock_count_text": "Only {count} items left!"
            }
          },
          "variant_picker_dNLy6j": {
            "type": "variant_picker",
            "settings": {
              "pick_mode": "first_available",
              "enable_history_state": false,
              "hide_sold_out": false,
              "color_selector_type": "swatch_rounded",
              "color_selector_size": "medium"
            }
          },
          "extra_links_rDfE38": {
            "type": "extra_links",
            "settings": {
              "show_wishlist": true,
              "show_compare": true,
              "show_ask_question": true,
              "show_share": true
            }
          },
          "trust_and_payment_frmJ3B": {
            "type": "trust_and_payment",
            "settings": {
              "trust_seal_text": "Guarantee Safe Checkout:",
              "svg_list": "visa,paypal,master,american_express,diners"
            }
          },
          "delivery_info_DyE7GH": {
            "type": "delivery_info",
            "settings": {
              "delivery_time": "3-5 days international",
              "free_shipping_text": "all orders over $150"
            }
          },
          "size_guide_PPGMWd": {
            "type": "size_guide",
            "settings": {
              "size_guide_text": "Size Guide"
            }
          },
          "fbt_Rd9fp3": {
            "type": "fbt",
            "settings": {
              "fbt_title": "Frequently Bought Together",
              "max_products": 3
            }
          }
        },
        "block_order": [
          "sold_count_yQJxXg",
          "stock_count_zqgxhB",
          "variant_picker_dNLy6j",
          "extra_links_rDfE38",
          "trust_and_payment_frmJ3B",
          "delivery_info_DyE7GH",
          "size_guide_PPGMWd",
          "fbt_Rd9fp3"
        ],
        "settings": {
          "layout": "default",
          "show_sticky_cart": true,
          "enable_variant_by_image": true,
          "enable_video_autoplay": true,
          "show_slider_nav": true
        }
      },
      "product-details": {
        "type": "product-details",
        "settings": {
          "layout": "accordion"
        }
      },
      "people-also-bought": {
        "type": "people-also-bought",
        "settings": {
          "title": "People Also Bought"
        }
      },
      "recently-viewed": {
        "type": "recently-viewed",
        "settings": {
          "title": "Recently Viewed"
        }
      },
      "footer": {
        "type": "footer",
        "blocks": {
          "contact_pbUwFh": {
            "type": "contact",
            "settings": {
              "title": "Business Contact",
              "address": "123 Yarran st, Punchbowl, NSW 2196, Australia",
              "phone": "(64) 8342 1245",
              "email": "support@example.com",
              "map_link": "https:\/\/www.google.com\/maps?q=15Yarranst,Punchbowl,NSW,Australia"
            }
          },
          "newsletter_M6KUWA": {
            "type": "newsletter",
            "settings": {
              "title": "Subscribe Newsletter",
              "text": "We invite you to register to read the latest news, offers and events about our company. We promise not spam your inbox."
            }
          },
          "menu_BX6t8e": {
            "type": "menu",
            "settings": {
              "title": "About Us",
              "menu": "about-us"
            }
          },
          "menu_cNpzTk": {
            "type": "menu",
            "settings": {
              "title": "Resource",
              "menu": "resource"
            }
          }
        },
        "block_order": [
          "contact_pbUwFh",
          "newsletter_M6KUWA",
          "menu_BX6t8e",
          "menu_cNpzTk"
        ],
        "settings": {
          "logo": "shopify:\/\/shop_images\/logo.svg",
          "social_facebook_link": "facebook.com",
          "social_instagram_link": "instagram.com",
          "social_linkedin_link": "https:\/\/www.linkedin.com\/",
          "social_x_link": "x.com",
          "show_payment_icons": true,
          "payment_icons": "visa,paypal,master,american_express,diners_club",
          "payment_icons_size": 40,
          "padding_top_main": 0,
          "padding_bottom_main": 0,
          "text_size": "medium",
          "border": "top",
          "border_main_position": "container_width",
          "heading_size": "medium",
          "heading_font_weight": "medium",
          "heading_margin_bottom": 30
        }
      },
      "cart-drawer": {
        "type": "cart-drawer",
        "settings": {
          "progress_message": "You are [amount] away from free shipping!",
          "free_shipping_message": "You've got free shipping!",
          "free_shipping_threshold": 100,
          "enable_gift_wrap": true,
          "gift_wrap_product": "gift-wrap",
          "enable_order_note": true,
          "enable_coupon": true,
          "enable_shipping_calculator": true
        }
      },
      "search-drawer": {
        "type": "search-drawer",
        "settings": {
          "title": "What are you looking for?",
          "show_featured_products": true,
          "featured_products_title": "Featured product",
          "columns_mobile": 2,
          "columns_tablet": 3,
          "columns_desktop": 4,
          "suggested_products": [
            "crop-t-shirt",
            "polo-neck-t-shirt",
            "round-neck-boxy-t-shirt",
            "round-neck-cotton-t-shirt"
          ],
          "show_popular_searches": true,
          "popular_searches_title": "Popular searches:",
          "popular_searches_menu": "",
          "featured_link_text": "Featured",
          "trendy_link_text": "Trendy",
          "new_link_text": "New",
          "sale_link_text": "Sale"
        }
      },
      "mobile-menu": {
        "type": "mobile-menu",
        "settings": {
          "address": "123 Yarran st, Punchbowl, NSW 2196, Australia",
          "email": "clientcare@ecom.com",
          "phone": "1.888.838.3022",
          "show_currency_selector": true,
          "show_language_selector": true
        }
      },
      "ask-question-drawer": {
        "type": "ask-question-drawer",
        "settings": {
          "title": "Ask a Question",
          "name_label": "Your name*",
          "phone_label": "Your phone number",
          "email_label": "Your email*",
          "message_label": "Message*",
          "submit_label": "Send Message",
          "success_title": "Thank You!",
          "success_message": "Your question has been submitted successfully. We will get back to you soon!"
        }
      },
      "mobile-toolbar": {
        "type": "mobile-toolbar",
        "settings": {
          "show_wishlist": true,
          "show_account": true,
          "show_shop": true,
          "show_home": true
        }
      },
      "blog-single": {
        "type": "blog-single",
        "settings": {
          "show_tags": true,
          "show_author": true,
          "show_date": true,
          "show_comments": true,
          "show_social_sharing": true,
          "show_related_posts": true,
          "show_comment_form": true
        }
      },
      "blog-latest-tip": {
        "type": "blog-latest-tip",
        "settings": {
          "title": "Related posts",
          "article_1": "lifestyle\/5-timeless-wardrobe-essentials-every-woman-should-own",
          "article_2": "design\/monochrome-style-made-easy",
          "article_3": "design\/chic-looks-with-one-timeless-color",
          "article_4": "lifestyle\/5-style-staples-every-woman-needs",
          "show_tags": true,
          "show_author": true,
          "show_date": true,
          "show_comments": true,
          "slides_per_view_mobile": 1,
          "slides_per_view_tablet": 2,
          "slides_per_view_desktop": 3
        }
      },
      "page-title": {
        "type": "page-title",
        "settings": {
          "background_image": "shopify:\/\/shop_images\/page-title_1.jpg"
        }
      },
      "blog-sub-collection": {
        "type": "blog-sub-collection",
        "blocks": {
          "category_DBJQAK": {
            "type": "category",
            "settings": {
              "blog": "accessories",
              "category_image": "shopify:\/\/shop_images\/category-1.jpg",
              "category_title": "",
              "post_count": ""
            }
          },
          "category_3kRM7F": {
            "type": "category",
            "settings": {
              "blog": "bags",
              "category_image": "shopify:\/\/shop_images\/category-2.jpg",
              "category_title": "",
              "post_count": ""
            }
          },
          "category_gin63t": {
            "type": "category",
            "settings": {
              "blog": "lifestyle",
              "category_image": "shopify:\/\/shop_images\/category-3.jpg",
              "category_title": "",
              "post_count": ""
            }
          },
          "category_z7hPk9": {
            "type": "category",
            "settings": {
              "blog": "design",
              "category_image": "shopify:\/\/shop_images\/category-4.jpg",
              "category_title": "",
              "post_count": ""
            }
          },
          "category_AaLtyk": {
            "type": "category",
            "settings": {
              "blog": "tricks-tips",
              "category_image": "shopify:\/\/shop_images\/category-5.jpg",
              "category_title": "",
              "post_count": ""
            }
          },
          "category_pnrmEt": {
            "type": "category",
            "settings": {
              "blog": "dresses",
              "category_image": "shopify:\/\/shop_images\/dresses.jpg",
              "category_title": "",
              "post_count": ""
            }
          }
        },
        "block_order": [
          "category_DBJQAK",
          "category_3kRM7F",
          "category_gin63t",
          "category_z7hPk9",
          "category_AaLtyk",
          "category_pnrmEt"
        ],
        "settings": {
          "title": "Blog Categories"
        }
      },
      "blog-list": {
        "type": "blog-list",
        "settings": {
          "title": "Blog",
          "posts_per_page": 6,
          "show_sidebar": true,
          "show_recent_posts": true,
          "show_tags": true,
          "sidebar_banner": "shopify:\/\/shop_images\/sb-banner.jpg",
          "banner_title": "Elevate Your Style",
          "banner_link": "shopify:\/\/collections",
          "banner_button_text": "Shop Now"
        }
      },
      "blog-sidebar": {
        "type": "blog-sidebar",
        "settings": {
          "show_recent_posts": true,
          "show_tags": true,
          "banner_title": "Elevate Your Style",
          "banner_link": "",
          "banner_button_text": "Shop Now"
        }
      },
      "newsletter-popup": {
        "type": "newsletter-popup",
        "settings": {
          "popup_image": "shopify:\/\/shop_images\/newsletter-1.jpg",
          "title": "Sign up to our Newsletter",
          "subtitle": "Be the first to get the latest news about trends, promotions, and much more!",
          "email_placeholder": "Your email address",
          "button_text": "Send",
          "privacy_text": "Will be used in accordance with our",
          "privacy_link": "shopify:\/\/pages\/privacy-policy"
        }
      },
      "cookie-banner": {
        "type": "cookie-banner",
        "settings": {
          "enable_cookie_banner": true,
          "privacy_link": "",
          "expiry_days": "30"
        }
      },
      "pickup-available": {
        "type": "pickup-available",
        "blocks": {
          "store_location_e3hdAq": {
            "type": "store_location",
            "settings": {
              "store_name": "Sydney",
              "store_display_name": "Sydney Store",
              "ready_time": "24 hours",
              "address_line_1": "15 George st",
              "address_line_2": "",
              "city_state": "Sydney, NSW 2000",
              "country": "Australia",
              "phone": "+1 234 4567",
              "directions_link": "shopify:\/\/pages\/store-location",
              "directions_text": "Get direction"
            }
          },
          "store_location_gAihyG": {
            "type": "store_location",
            "settings": {
              "store_name": "Melbourne",
              "store_display_name": "Melboure Store",
              "ready_time": "24 hours",
              "address_line_1": "15 Geogre st",
              "address_line_2": "",
              "city_state": "Sydney, NSW 2000",
              "country": "Australia",
              "phone": "+1 234 4567",
              "directions_link": "shopify:\/\/pages\/store-location",
              "directions_text": "Get direction"
            }
          },
          "store_location_3RhdGx": {
            "type": "store_location",
            "settings": {
              "store_name": "Brisbane",
              "store_display_name": "Brisbane Store",
              "ready_time": "24 hours",
              "address_line_1": "15 George st",
              "address_line_2": "",
              "city_state": "Sydney, NSW 2000",
              "country": "Australia",
              "phone": "+1 234 4567",
              "directions_link": "shopify:\/\/pages\/store-location",
              "directions_text": "Get direction"
            }
          }
        },
        "block_order": [
          "store_location_e3hdAq",
          "store_location_gAihyG",
          "store_location_3RhdGx"
        ],
        "settings": {
          "default_store_name": "our store",
          "default_ready_time": "24 hours",
          "check_availability_text": "Check availability",
          "popup_title": "Pickup Available",
          "margin_top": 0,
          "margin_bottom": 0
        }
      },
      "wishlist": {
        "type": "wishlist",
        "settings": {
          "products_per_page": 8
        }
      },
      "search-page": {
        "type": "search-page",
        "settings": {
          "background_image": "shopify:\/\/shop_images\/page-title_1.jpg"
        }
      }
    },
    "content_for_index": []
  }
}
