{
  "sections": {
    "main_slider_X9TD4H": {
      "type": "main-slider",
      "blocks": {
        "slide_3BA9Ka": {
          "type": "slide",
          "settings": {
            "image": "shopify:\/\/shop_images\/slider-electronic-1.webp",
            "content_alignment": "left",
            "subtitle": "APPLE WATCHES COLLECTION",
            "heading": "Sale up to 15% Off",
            "subheading": "Discover the latest trends in fashion that speak your style.",
            "button_text": "Shop Now",
            "button_link": "shopify:\/\/collections\/electronic"
          }
        },
        "slide_xkUpFP": {
          "type": "slide",
          "settings": {
            "image": "shopify:\/\/shop_images\/slider-electronic-2.webp",
            "content_alignment": "right",
            "subtitle": "APPLE MAGSAFE CHARGER",
            "heading": "Next-Level Tech",
            "subheading": "Discover the latest trends in fashion that speak your style.",
            "button_text": "Shop Now",
            "button_link": "shopify:\/\/collections\/electronic"
          }
        },
        "slide_jr9ycA": {
          "type": "slide",
          "settings": {
            "image": "shopify:\/\/shop_images\/slider-electronic-3.webp",
            "content_alignment": "left",
            "subtitle": "ON-EAR HEADPHONES",
            "heading": "Power Up Your Life",
            "subheading": "Discover the latest trends in fashion that speak your style.",
            "button_text": "Shop Now",
            "button_link": "shopify:\/\/collections\/electronic"
          }
        }
      },
      "block_order": [
        "slide_3BA9Ka",
        "slide_xkUpFP",
        "slide_jr9ycA"
      ],
      "settings": {
        "layout": "layout1",
        "width": "full",
        "image_height_mode": "adapt",
        "fixed_height": 600,
        "mobile_image_height_mode": "fixed",
        "mobile_fixed_height": 400,
        "autoplay": true,
        "speed": 800,
        "show_navigation": false,
        "show_dots": true,
        "padding": 0,
        "pause_on_hover": true,
        "effect": "slide",
        "direction": "horizontal",
        "draggable": true
      }
    },
    "marquee_sale_rdpiJj": {
      "type": "marquee-sale",
      "blocks": {
        "text_ycBxfz": {
          "type": "text",
          "settings": {
            "text": "50% Off On Selected Items"
          }
        },
        "text_4CT4kM": {
          "type": "text",
          "settings": {
            "text": "New Arrival"
          }
        },
        "text_VdUgic": {
          "type": "text",
          "settings": {
            "text": "50% Off On Selected Items"
          }
        },
        "text_p4X44M": {
          "type": "text",
          "settings": {
            "text": "New Arrival"
          }
        },
        "text_ecURB7": {
          "type": "text",
          "settings": {
            "text": "50% Off On Selected Items"
          }
        },
        "text_CqJALL": {
          "type": "text",
          "settings": {
            "text": "New Arrival"
          }
        },
        "text_RzAAUH": {
          "type": "text",
          "settings": {
            "text": "50% Off On Selected Items"
          }
        },
        "text_z9JGfP": {
          "type": "text",
          "settings": {
            "text": "New Arrival"
          }
        }
      },
      "block_order": [
        "text_ycBxfz",
        "text_4CT4kM",
        "text_VdUgic",
        "text_p4X44M",
        "text_ecURB7",
        "text_CqJALL",
        "text_RzAAUH",
        "text_z9JGfP"
      ],
      "settings": {
        "width": "full",
        "background_color": "#e8f5e9"
      }
    },
    "categories_BpWrEg": {
      "type": "categories",
      "blocks": {
        "category_zfJ9bM": {
          "type": "category",
          "settings": {
            "collection": "phones"
          }
        },
        "category_faw9mC": {
          "type": "category",
          "settings": {
            "collection": "earphones"
          }
        },
        "category_yNMWQk": {
          "type": "category",
          "settings": {
            "collection": "cables"
          }
        },
        "category_dQdRDb": {
          "type": "category",
          "settings": {
            "collection": "smart-watches"
          }
        },
        "category_tpbMq9": {
          "type": "category",
          "settings": {
            "collection": "chargers"
          }
        },
        "category_tGk9Vc": {
          "type": "category",
          "settings": {
            "collection": "screen-protectors"
          }
        },
        "category_KNqnMA": {
          "type": "category",
          "settings": {
            "collection": "headphones"
          }
        }
      },
      "block_order": [
        "category_zfJ9bM",
        "category_faw9mC",
        "category_yNMWQk",
        "category_dQdRDb",
        "category_tpbMq9",
        "category_tGk9Vc",
        "category_KNqnMA"
      ],
      "settings": {
        "width": "boxed",
        "layout": "layout2",
        "title": "Categories",
        "button_text": "Categories",
        "slides_per_view_mobile": 2,
        "slides_per_view_tablet": 3,
        "slides_per_view_desktop": 6,
        "space_between_mobile": 12,
        "space_between_desktop": 24,
        "transition_speed": 800,
        "show_navigation": true,
        "show_pagination": true,
        "autoplay": false,
        "autoplay_speed": 3000,
        "products_per_collection": 6
      }
    },
    "top_picks_kkPz79": {
      "type": "top-picks",
      "settings": {
        "layout": "home-electronic",
        "subtitle": "Discover our top picks",
        "title": "Top Picks You'll Love",
        "description": "Explore our most popular pieces that customers can't get enough of",
        "product_source": "product_list",
        "collection": "",
        "product_list": [
          "apple-airpods-pro-2-wireless-earbuds",
          "fit-pro-true-wireless-bluetooth-earbuds",
          "samsung-galaxy-5-lte-smart-watch",
          "apple-ipad-pro-11-inch-wi-fi-2022-4th-generation",
          "galaxy-s21-5g-128gb-g991u-unlocked-smartphone"
        ],
        "spacing": "flat-spacing-8",
        "background_color": "bg-surface",
        "show_view_all": true,
        "view_all_link": "shopify:\/\/collections\/electronic",
        "view_all_text": "View all",
        "slides_per_view_mobile": 2,
        "slides_per_view_tablet": 3,
        "slides_per_view_desktop": 4,
        "space_between_mobile": 10,
        "space_between_desktop": 20,
        "slides_per_group_mobile": 1,
        "slides_per_group_tablet": 2,
        "slides_per_group_desktop": 3,
        "transition_speed": 300,
        "show_navigation": true,
        "show_pagination": true,
        "enable_autoplay": false,
        "autoplay_speed": 3000,
        "pause_on_hover": true,
        "enable_observer": true
      }
    },
    "banner_collection_FdpGhY": {
      "type": "banner-collection",
      "settings": {
        "width": "boxed",
        "layout": "electric",
        "video": "",
        "image": "shopify:\/\/shop_images\/phone_fd87091c-31c7-45cc-a9df-9faf0d09f4f8.png",
        "title": "Unmatched Performance",
        "subtitle": "Upgrade your devices with cutting-edge technology.",
        "button_text": "Shop Now",
        "button_link": "shopify:\/\/collections\/electronic",
        "padding_top": 36
      }
    },
    "hot_deals_g6DUgk": {
      "type": "hot-deals",
      "settings": {
        "width": "boxed",
        "show_section": true,
        "title": "Hot Deals",
        "description": "Explore our most popular pieces that customers can't get enough of",
        "global_countdown": "46556",
        "product_source": "product_list",
        "collection": "",
        "product_list": [
          "apple-airpods-pro-2-wireless-earbuds",
          "apple-ipad-pro-11-inch-wi-fi-2022-4th-generation",
          "fit-pro-true-wireless-bluetooth-earbuds",
          "samsung-galaxy-5-lte-smart-watch",
          "galaxy-s21-5g-128gb-g991u-unlocked-smartphone"
        ],
        "slides_per_view_mobile": 2,
        "slides_per_view_tablet": 3,
        "slides_per_view_desktop": 4,
        "slides_per_group_mobile": 2,
        "slides_per_group_tablet": 3,
        "slides_per_group_desktop": 4,
        "space_between_mobile": 12,
        "space_between_desktop": 24,
        "transition_speed": 800,
        "show_navigation": true,
        "show_pagination": true,
        "enable_autoplay": false,
        "autoplay_speed": 3000,
        "pause_on_hover": true,
        "enable_observer": true
      }
    },
    "testimonials_qDiw3x": {
      "type": "testimonials",
      "blocks": {
        "testimonial_iLJLxW": {
          "type": "testimonial",
          "settings": {
            "name": "Emily T.",
            "image": "shopify:\/\/shop_images\/Watch-5-02.webp",
            "product": "Samsung Galaxy 5 LTE Smart Watch",
            "product_url": "shopify:\/\/products\/samsung-galaxy-5-lte-smart-watch",
            "price": "$359.99",
            "review": "The quality of the electronics exceeded my expectations. Every device feels premium, and the performance is outstanding. I'm absolutely impressed.",
            "title": "Elegance and Comfort Combined"
          }
        },
        "testimonial_jki4F4": {
          "type": "testimonial",
          "settings": {
            "name": "Jessica M.",
            "image": "shopify:\/\/shop_images\/airpods_1.webp",
            "product": "Apple AirPods Pro 2 Wireless Earbuds",
            "product_url": "shopify:\/\/products\/apple-airpods-pro-2-wireless-earbuds",
            "price": "$139.00",
            "review": "I love the gadget I purchased! The build quality is excellent, and the performance is top-notch. I’ve gotten so many compliments on it. Will definitely shop here again!",
            "title": "Elegance and Comfort Combined"
          }
        },
        "testimonial_zHqiNM": {
          "type": "testimonial",
          "settings": {
            "name": "Lisa P.",
            "image": "shopify:\/\/shop_images\/author-electric3.jpg",
            "testimonial_image": "shopify:\/\/shop_images\/fit-pro-01.webp",
            "product": "Fit Pro True Wireless Bluetooth Earbuds",
            "product_url": "shopify:\/\/products\/fit-pro-true-wireless-bluetooth-earbuds",
            "price": "$199.99",
            "review": "I was pleasantly surprised by how fast my order arrived. The customer service team was helpful and responsive. Great shopping experience!",
            "title": "Elegance and Comfort Combined"
          }
        },
        "testimonial_Mi8HTW": {
          "type": "testimonial",
          "settings": {
            "name": "Emily T.",
            "image": "shopify:\/\/shop_images\/fuji-1.webp",
            "product": "Fujifilm Instax Mini 12 Camera  - Blossom",
            "product_url": "shopify:\/\/products\/fujifilm-instax-mini-12-camera-blossom",
            "price": "$79.99",
            "review": "The quality of the devices feels premium and the performance is outstanding. I'm absolutely love it.",
            "title": "Elegance and Comfort Combined"
          }
        }
      },
      "block_order": [
        "testimonial_iLJLxW",
        "testimonial_jki4F4",
        "testimonial_zHqiNM",
        "testimonial_Mi8HTW"
      ],
      "settings": {
        "layout": "home-electronic",
        "title": "Happy Customers",
        "subtitle": "Experience with our products",
        "slides_per_view_mobile": 1,
        "slides_per_view_tablet": 2,
        "slides_per_view_desktop": 3,
        "space_between_mobile": 12,
        "space_between_desktop": 24,
        "transition_speed": 800,
        "show_navigation": true,
        "show_pagination": true,
        "enable_autoplay": false,
        "autoplay_speed": 3000,
        "pause_on_hover": true,
        "enable_observer": true
      }
    },
    "brands_7RCQfR": {
      "type": "brands",
      "blocks": {
        "brand_zXxLN4": {
          "type": "brand",
          "settings": {
            "brand_image": "shopify:\/\/shop_images\/zara_232eddf9-8ce4-4911-a177-8efe9c47dd47.png",
            "brand_link": ""
          }
        },
        "brand_3g4ECQ": {
          "type": "brand",
          "settings": {
            "brand_image": "shopify:\/\/shop_images\/bear_fde932fe-e47e-434f-89b6-662f0ca27862.png",
            "brand_link": ""
          }
        },
        "brand_LtaRam": {
          "type": "brand",
          "settings": {
            "brand_image": "shopify:\/\/shop_images\/logo04.png",
            "brand_link": ""
          }
        },
        "brand_cpEWLx": {
          "type": "brand",
          "settings": {
            "brand_image": "shopify:\/\/shop_images\/logo03.png",
            "brand_link": ""
          }
        },
        "brand_acti9p": {
          "type": "brand",
          "settings": {
            "brand_image": "shopify:\/\/shop_images\/logo05.png",
            "brand_link": ""
          }
        },
        "brand_UDptPG": {
          "type": "brand",
          "settings": {
            "brand_image": "shopify:\/\/shop_images\/logo06.png",
            "brand_link": ""
          }
        }
      },
      "block_order": [
        "brand_zXxLN4",
        "brand_3g4ECQ",
        "brand_LtaRam",
        "brand_cpEWLx",
        "brand_acti9p",
        "brand_UDptPG"
      ],
      "settings": {
        "padding_top": 80,
        "padding_bottom": 80,
        "width": "boxed",
        "layout": "layout2",
        "speed": 80,
        "style": "left",
        "clone": 2
      }
    },
    "latest_tips_HkyXtE": {
      "type": "blog-carousel",
      "blocks": {
        "article_ccTn6i": {
          "type": "article",
          "settings": {
            "article": "electronic\/tech-trends-2025-must-have-gadgets-innovations-html-sao-chep-chỉnh-sửa"
          }
        },
        "article_Cb6y3D": {
          "type": "article",
          "settings": {
            "article": "electronic\/cutting-edge-tech-top-electronics-to-watch-this-year"
          }
        },
        "article_Y78dGf": {
          "type": "article",
          "settings": {
            "article": "electronic\/next-gen-gadgets-the-hottest-tech-trends-of-the-year"
          }
        },
        "article_JpRQBC": {
          "type": "article",
          "settings": {
            "article": "bags\/the-ultimate-guide-to-timeless-bags-every-woman-should-own"
          }
        }
      },
      "block_order": [
        "article_ccTn6i",
        "article_Cb6y3D",
        "article_Y78dGf",
        "article_JpRQBC"
      ],
      "settings": {
        "width": "boxed",
        "layout": "layout3",
        "title": "Latest Tips & Trends",
        "description": "Discover expert advice, style inspiration, and product updates on our blog.",
        "blog_button_text": "OUR BLOG",
        "read_more_text": "Read more",
        "show_meta_list": false,
        "show_description": false,
        "autoplay": true,
        "autoplay_speed": 5000,
        "slides_per_view_mobile": 1,
        "space_between_mobile": 12,
        "slides_per_view_tablet": 2,
        "space_between_tablet": 12,
        "slides_per_view_desktop": 3,
        "space_between_desktop": 24,
        "padding_top": 36,
        "padding_bottom": 0
      }
    },
    "icon_boxes_xkhRrp": {
      "type": "icon-boxes",
      "blocks": {
        "icon_box_GnCAtW": {
          "type": "icon_box",
          "settings": {
            "icon": "icon-shipping",
            "title": "Free Shipping",
            "description": "Enjoy free shipping on all orders"
          }
        },
        "icon_box_BFXTt7": {
          "type": "icon_box",
          "settings": {
            "icon": "icon-gift",
            "title": "Gift Package",
            "description": "Perfectly packaged for gifting"
          }
        },
        "icon_box_bLYrMh": {
          "type": "icon_box",
          "settings": {
            "icon": "icon-return",
            "title": "Free Returns",
            "description": "Within 14 days for a return"
          }
        },
        "icon_box_7BrMCx": {
          "type": "icon_box",
          "settings": {
            "icon": "icon-support",
            "title": "Support Online",
            "description": "We support customers 24\/7"
          }
        }
      },
      "block_order": [
        "icon_box_GnCAtW",
        "icon_box_BFXTt7",
        "icon_box_bLYrMh",
        "icon_box_7BrMCx"
      ],
      "settings": {
        "layout": "home-electronic",
        "slides_per_view_mobile": 1,
        "slides_per_view_tablet": 3,
        "slides_per_view_desktop": 4,
        "space_between": 10,
        "show_pagination": true
      }
    }
  },
  "order": [
    "main_slider_X9TD4H",
    "marquee_sale_rdpiJj",
    "categories_BpWrEg",
    "top_picks_kkPz79",
    "banner_collection_FdpGhY",
    "hot_deals_g6DUgk",
    "testimonials_qDiw3x",
    "brands_7RCQfR",
    "latest_tips_HkyXtE",
    "icon_boxes_xkhRrp"
  ]
}
